date,sku,demand_units,on_hand,lead_time_days,product_name
2024-10-01,SKU-100,42,320,7,Essential Widgets
2024-10-02,SKU-100,38,320,7,Essential Widgets
2024-10-03,SKU-100,41,320,7,Essential Widgets
2024-10-04,SKU-100,39,320,7,Essential Widgets
2024-10-05,SKU-100,45,320,7,Essential Widgets
2024-10-01,SKU-200,15,180,12,Seasonal Gadgets
2024-10-02,SKU-200,12,180,12,Seasonal Gadgets
2024-10-03,SKU-200,0,180,12,Seasonal Gadgets
2024-10-04,SKU-200,18,180,12,Seasonal Gadgets
2024-10-05,SKU-200,16,180,12,Seasonal Gadgets
